0,1,2,3,4,5,6,7,8,9,10,11,12,13,14,15,16,17,18,19,20,21,22,23,24,25,26,27,28,29,30,31,32,33,34,35,36,37,38,39,40,41,42,43,44,label
-543.21674,88.12137,40.268303,41.442028,32.83323,30.818468,25.167383,23.202827,19.961285,18.819145,15.851504,14.98694,13.226913,12.429988,10.53603,9.892516,8.019269,7.9268894,6.6833525,6.74652,5.3871636,5.0844803,4.0367093,3.9657428,3.0722055,3.0468585,2.813786,3.5390298,2.3847075,2.8276734,2.5796528,2.7993917,1.739412,1.9448935,2.1574874,1.7054844,1.5601802,1.9627765,1.3822441,2.0239394,1.9664682,1.5910833,1.32265,1.055751,0.4843217,NORMAL
-519.6757,77.59726,54.735214,42.183823,37.854244,34.66677,29.953156,24.880291,21.583445,19.841955,17.977158,15.171701,12.599238,11.391251,10.936084,10.123924,8.8008,7.3290634,6.265281,5.702466,4.9742446,4.0483913,3.5023198,3.115954,2.6024241,2.344597,2.4359202,2.4558032,2.2979844,2.1735692,2.1493938,2.1512814,1.8673984,1.5096891,1.5770531,1.8199222,1.709087,1.4860436,1.5293514,1.5506948,1.2523848,0.8818656,0.74913096,0.92330265,0.9908303,NORMAL
-533.67883,87.10362,39.246628,38.598194,29.661152,28.327501,20.93554,19.335209,13.751947,14.058866,11.091979,10.483245,8.358975,9.096236,6.2019978,6.231593,4.5949254,5.5366745,4.4993405,5.4074397,3.7323976,4.736209,3.6646779,4.6925273,3.848109,5.0041814,3.8555753,4.4877467,3.690499,4.6892056,2.7851112,3.8468256,3.3195589,3.8644333,2.3738399,2.9609892,2.6797874,3.4255502,2.144599,3.353713,2.4498975,2.8866706,2.2415142,3.0206294,2.1499197,NORMAL
-528.78485,83.82847,44.857777,37.71011,33.938423,29.10954,24.50886,20.248379,17.117617,15.475012,13.54565,10.618091,8.432593,8.654452,8.496363,7.0641346,6.192595,5.7895527,5.097771,5.0826664,4.4682655,4.009234,4.377399,4.1910915,3.586548,3.425189,3.7066534,4.40187,4.191363,3.7606187,3.357967,3.0749414,2.917822,2.632391,2.853588,2.8479164,2.6570923,2.7982526,2.598407,2.44923,2.5668316,2.7095249,2.8524597,3.0823941,2.6243892,NORMAL
-534.6186,89.57569,43.894344,41.953163,35.851685,32.79534,26.446053,21.681725,19.012493,18.098394,15.758391,13.242721,11.361238,10.8052025,9.136232,8.960757,8.0325165,7.733782,7.4481635,6.2752576,4.6527505,4.5237293,4.303648,4.4377074,3.27529,3.3534212,3.4275742,3.1226869,3.184044,3.256004,2.413816,2.8146663,2.5016108,2.18054,1.8853791,2.2169254,2.2276587,1.8636315,1.6338567,2.0342655,2.0762067,2.0416145,0.99642897,0.9505703,0.64172596,NORMAL
-465.48383,99.756615,27.091692,20.730034,26.087719,34.82327,29.66218,18.54282,11.78537,15.346216,16.578817,13.28659,11.703889,11.954141,10.067408,8.076749,7.9572067,7.8321834,7.21472,6.7626023,5.710619,5.094537,5.383852,5.530382,5.1552987,4.1907835,3.2130098,3.5661025,3.8293142,3.804888,2.7008216,3.0515888,2.6872704,2.021937,2.8255343,2.6725388,2.3354027,2.469711,2.2442937,2.3044462,2.6426702,2.89372,2.4546163,1.985876,1.7967812,NORMAL
-413.96768,207.48657,13.788904,-32.91008,13.126155,25.951319,4.94351,-6.980712,1.1863326,17.300037,15.81327,-1.5878706,-2.50172,12.372324,14.152921,4.016593,0.44259351,3.7192304,6.0437226,4.725008,2.7234905,4.973498,7.6769404,4.891672,2.1553788,3.8140306,4.1156178,1.9827139,2.162447,3.4782789,2.5866954,1.3880148,2.3449535,3.681304,2.8105512,1.5568247,2.2640166,2.292034,0.6615239,1.1272585,2.6722422,1.5571033,0.48441523,1.8723809,2.4208794,NORMAL
-445.5494,180.92679,32.582413,-20.191439,10.8282585,29.636328,11.17561,-6.0232286,3.0864966,20.484821,16.088007,-2.4458075,-3.2285378,11.811603,15.612096,6.2909565,0.7394375,2.6231215,5.4795113,5.6441345,4.357322,5.608713,8.3547945,6.837309,2.64074,1.9637142,3.6834402,3.934475,3.4812436,2.8831158,1.2289106,0.6119074,2.465813,3.4400063,1.6613742,0.8352681,2.4384193,2.468012,0.4292404,0.5936138,2.4076703,2.262338,1.6007655,2.2675138,1.9889423,NORMAL
-463.7136,95.77344,33.35622,28.66035,28.705202,35.055527,28.677197,19.593853,13.503105,15.782067,16.381943,13.9137745,10.596796,10.194531,9.495192,7.875468,5.6319656,6.2432346,6.872143,7.267929,6.1652966,4.043805,3.190803,4.639541,4.612696,3.7382865,2.5509048,2.8118756,3.0827239,2.8088918,1.9311616,2.5697858,2.7074726,2.9466481,2.469964,2.6108782,3.3722703,3.086791,2.1945753,1.7874357,1.7626457,2.534471,2.3671453,1.837273,1.5372475,NORMAL
-460.15506,185.13979,34.628906,-23.65794,5.500113,27.211908,10.694273,-6.9249215,1.1433185,18.733334,16.906052,-0.44084063,-4.173484,9.160782,15.727855,8.315903,1.73608,3.52917,7.109773,6.3242188,3.9583483,5.4003053,8.119814,6.4471817,3.220055,3.3321373,4.1668925,3.38929,3.3409846,3.3061836,1.070957,-0.21572068,1.9417562,3.7152002,2.4632046,1.435729,2.2929335,2.1222284,0.56551915,0.96026635,2.8113816,2.6916199,1.3084537,1.0880169,1.1659156,NORMAL
-553.1767,119.15277,57.09806,24.972698,20.33455,24.918846,25.716816,20.90185,17.769552,18.066534,13.834007,6.9378166,5.70586,9.339803,11.353334,10.195453,7.172775,4.163842,3.2449343,4.7467766,6.065628,6.5722704,6.4928823,5.9019623,4.6297946,3.1856706,2.7058988,3.237931,4.2221622,5.631214,5.531079,3.4846375,1.3125408,0.733335,1.5487967,2.9344525,3.6943588,3.4390457,2.5858662,1.6756128,1.0579015,1.0668714,1.2792279,1.7235798,1.9029142,NORMAL
-443.66876,112.74338,59.19791,6.6550255,21.21853,19.895264,12.027741,11.028495,8.599726,14.18504,17.930134,12.955501,10.069274,16.09799,6.3455553,9.587447,-0.80082184,7.868827,2.755578,6.9276605,4.3410535,8.440179,2.0690272,9.167453,2.3071797,3.423413,-1.7285287,5.5427256,1.1042548,7.376999,1.8750954,3.4201612,0.4404797,0.27862266,8.931519,0.777422,2.0354998,1.6031724,4.326335,3.1470032,-0.5692034,0.4841241,2.370386,-0.07435859,3.517058,NORMAL
-438.15924,113.38842,61.692646,9.12256,22.578093,20.151245,9.771,12.018365,9.818115,10.889127,18.49838,14.031671,7.8695264,13.223798,8.746315,14.515836,-2.0494168,6.6045346,2.4821453,6.0471935,5.6708217,8.313002,1.5039419,7.2553034,2.1603653,6.6902437,0.08441798,4.5517373,0.6957631,8.29551,2.7135806,2.6053789,1.2959746,-0.7549462,5.8716955,-0.12173238,2.8889368,3.011575,2.6946547,2.9520047,1.0171574,-0.25197095,4.0397625,1.4236461,3.2262495,NORMAL
-556.5773,110.0332,51.852337,28.86887,27.094793,27.63357,26.593946,22.56213,19.603369,19.898767,15.30773,7.501837,5.1856847,9.060572,12.181577,10.778851,6.8742714,3.8894484,3.5232134,5.3825045,7.0476713,7.3632727,6.3850965,4.921085,3.3183265,2.2727158,2.1418447,3.4399095,4.9110875,5.3471646,4.7243757,2.8834336,0.59373057,-0.23372017,0.9294076,3.226314,4.705956,4.203532,2.425733,1.2474539,0.6757941,0.7656053,1.3564204,1.9049401,1.880426,NORMAL
-433.6256,124.16656,58.799976,1.4209541,21.80767,23.395758,12.941354,10.494151,8.441196,12.300158,17.741161,13.445198,5.3872194,12.900224,8.068214,12.762686,-0.7434902,4.0828943,0.9802653,6.891956,5.462138,9.6728325,-0.010359544,7.2846503,1.4948804,5.0674706,-0.49218026,2.7771974,1.1808678,9.41447,1.3165698,2.7344615,1.5307446,1.1223015,6.9405465,0.7223391,2.639429,1.4733814,1.6076319,3.8862276,1.01703,0.14100784,2.3883696,1.089253,2.9516118,NORMAL
-440.49362,127.73798,42.18544,27.778069,31.934528,34.429478,24.48181,9.096407,4.0885057,10.645367,15.79964,6.8682017,0.46869206,5.065912,8.353215,8.053672,5.729823,3.046887,4.266655,6.180052,5.144375,3.2190895,2.3152335,3.8634207,4.2392983,2.4405992,1.8399073,1.2914666,2.1518385,3.6280363,2.4119325,1.0983034,1.3008096,1.8556432,2.1205163,1.7363758,1.3693726,1.6446931,1.6676946,2.168474,2.4059293,1.9193708,1.8064924,2.1106145,2.0358896,NORMAL
-390.9044,157.54483,32.615208,-13.491844,11.863803,28.44222,12.6724205,-0.47666526,6.052698,15.594081,14.585726,7.5998445,5.539127,10.098447,11.610601,6.82412,3.4178617,4.0988626,4.485451,4.206383,6.4613204,8.937765,7.123201,4.6846747,5.921592,6.606677,4.035477,2.1419246,3.073419,3.9612215,2.6761203,1.304594,1.4995731,2.3192139,3.2150533,3.3476226,2.0076942,0.8977464,1.2305593,1.8173845,1.3852242,0.68902975,0.7895903,0.9010567,0.6333066,NORMAL
-443.36798,150.14381,30.698303,-14.248336,15.459804,34.60255,12.715862,-7.4850173,2.3055894,18.83016,15.242558,1.1571583,-0.202257,9.825236,12.75038,5.4182158,0.693154,2.9772925,5.0254326,4.449674,5.1162553,6.8732104,6.994244,6.2660165,5.677684,3.8249974,1.310991,1.2059392,3.64505,5.2639637,4.1772394,1.9336867,0.8614695,2.0239565,4.4447236,5.1645308,2.2894132,-1.4002384,-1.5282626,1.6257924,3.902818,3.0745766,0.6391781,-0.53449714,0.8670845,NORMAL
-407.14417,166.07506,31.678432,-13.855949,12.371933,23.103148,3.0116823,-6.9512367,6.329805,18.56052,10.185163,-3.8935828,-0.5860526,13.016679,13.951681,3.5195575,-0.742713,3.6138372,6.011898,4.9364085,5.827073,8.137573,7.567225,5.2699003,4.157386,4.148478,4.3383055,4.6699586,3.7343857,1.6330438,1.2253621,3.537959,5.019056,3.6629634,1.9280773,1.7722286,1.2004532,-0.12422356,0.11202827,1.7261354,2.0674913,1.3493068,1.3784811,2.0280216,1.8338317,NORMAL
-561.4124,100.17798,62.68641,37.98668,26.692186,25.210379,27.57264,27.67035,24.107365,19.459265,13.339743,7.9262094,6.638713,9.5448885,12.38277,12.005523,8.515979,4.3818097,2.5793045,4.096319,6.6818504,8.295832,7.939501,5.8302827,2.926848,1.1529241,0.9776609,2.2850196,4.174562,5.3451395,4.6196184,2.386024,0.19387133,-0.43276197,0.6535971,2.544442,3.875269,4.1030765,2.980622,1.4151733,0.23620543,0.07628,0.7549174,1.6783783,2.0126317,NORMAL
-382.56207,155.86772,35.334187,2.6368186,24.303753,28.734177,10.816757,-3.6698036,-1.0348606,11.438004,19.367258,13.02456,1.6665773,3.2881653,9.788097,7.624859,3.4179862,1.3472747,1.993843,5.317593,5.6764836,5.328995,5.484576,2.7622619,2.789224,4.965827,3.4771318,1.8176613,1.9640846,3.449029,4.704662,2.7845387,2.0508273,3.5750031,3.2218575,3.073325,2.850904,1.5441864,1.9196708,2.2761908,2.3347366,2.7675102,1.3143911,0.8533777,2.0733016,NORMAL
-410.49426,137.71782,41.605938,7.4457684,20.882063,26.862587,15.057262,3.3692384,3.3306818,13.831454,19.147692,11.605579,5.055168,8.315069,10.575046,6.7208695,4.206229,4.599766,3.9611807,3.6183326,4.622829,4.8928885,4.333824,3.8438213,3.1150222,2.8312302,3.2989588,3.3999496,3.1279101,3.489515,3.7862394,3.053181,2.2147856,2.397717,3.084645,3.274888,2.2611337,0.83245903,0.7779936,2.0357394,2.9290574,3.0221515,2.4367027,1.4144841,0.8281048,NORMAL
-389.09976,137.86063,27.740694,-8.796451,15.699459,29.76547,14.820516,2.069283,7.4991794,17.430975,15.424931,8.047455,4.7323155,10.330619,13.713489,9.140841,4.178833,3.7194195,4.582496,4.8186917,5.992627,7.9073,6.7746487,5.516038,5.802446,6.014425,4.2979527,3.3120975,3.7927318,3.5697937,2.3212233,1.7187985,2.1248915,2.9115536,3.1586783,3.3319235,2.4774141,1.4085275,1.3228579,1.8070277,1.5789483,0.8643455,0.5500527,1.1489817,1.4082943,NORMAL
-536.70374,129.91977,58.213604,19.598745,25.070414,41.237484,37.8199,19.160828,4.406312,2.033335,5.9624524,9.234048,9.319916,6.765373,3.5473902,3.0538907,5.715669,8.0779915,6.8523645,3.6451154,1.9625261,3.0349214,5.028384,6.1379113,5.5301533,3.8278224,2.093977,1.6214337,2.2153416,2.4875581,1.6340208,1.2471863,2.1364906,2.8631098,2.0387197,1.1139011,1.7544023,3.558036,4.0891056,2.5801044,0.92583084,1.2037966,2.3260024,2.1863797,0.95963717,NORMAL
-514.55927,140.81859,58.924778,15.629807,23.771458,41.855076,36.224598,14.88636,0.6254765,0.017294964,5.0676084,8.7180605,9.046808,5.9308767,1.4904003,0.51276195,4.167007,7.542376,6.538266,3.5693772,2.8203373,4.202405,5.0558257,4.632944,4.0626025,3.7566595,3.2882771,2.7398293,2.3455846,1.8438505,1.2918167,1.5180897,2.587129,3.0325568,2.0775857,1.189565,1.7602001,3.0397677,3.3730984,2.5251837,1.8086822,2.2062945,2.9261217,2.7435036,1.7923194,NORMAL
-496.94815,122.55827,53.9471,17.909533,25.196068,40.646797,36.553165,18.900259,6.8089056,5.1612897,6.7342424,7.5927753,7.836688,5.7954016,1.8029948,0.63446355,4.608758,8.677575,7.431403,3.0539832,1.3441371,2.9321966,4.183329,3.959692,3.7655547,4.104836,4.068078,3.2233794,2.25362,1.695606,1.2379528,1.2234626,2.5799022,4.0733986,3.2765396,0.8752404,-0.0111386515,1.4908407,3.0243418,2.9360898,2.2299993,2.5298288,3.3115332,2.985014,1.7458266,NORMAL
-434.38763,140.24709,24.039852,-7.8800216,14.65878,30.619953,18.445614,-0.832789,0.1154676,15.839867,16.893888,4.8714137,1.636633,11.00555,14.185897,6.249222,2.1604981,4.607259,7.518756,6.5621557,5.476221,6.7790585,6.5660458,6.3227334,7.013932,5.6352644,3.2491546,3.4134994,4.5404024,3.4684439,2.605252,2.7736123,3.2488732,3.7653208,3.935755,3.6247263,2.1452942,0.53762597,0.5807502,2.223882,2.8322856,1.756338,0.28341883,-0.19698511,1.1470531,NORMAL
-433.06302,95.26257,75.02383,54.80471,40.04937,30.715212,23.373894,16.204075,10.259514,6.8268356,5.7602444,5.7852817,6.1265473,6.6917043,7.485617,8.108552,8.204272,7.77008,7.1498995,6.650011,6.348507,6.1143446,5.737012,5.059296,4.146279,3.3317838,2.9421973,3.0283062,3.2821898,3.331871,3.0904772,2.809063,2.761507,2.9505954,3.1267395,3.0486362,2.632512,2.1232927,1.7606937,1.6721079,1.7193094,1.7579564,1.7105783,1.5979663,1.403725,NORMAL
-447.75952,124.06482,43.60094,5.2487984,17.023993,32.730225,22.954424,6.920782,7.09712,16.260681,17.038412,10.190521,7.0881596,10.256256,11.781586,8.557589,4.927685,3.8726208,3.9550161,4.3549047,5.603086,7.2961335,7.750343,7.4100275,7.3718896,6.6719494,4.5303464,3.09944,3.6142013,4.367419,3.275673,1.5899745,1.6931269,3.246412,3.9735878,3.1460502,1.4595025,0.30301,0.3697623,1.2450241,1.7806116,1.2996649,0.19625801,-0.13802476,0.48320508,NORMAL
-403.48834,142.5939,33.565857,6.621623,25.687107,27.186226,14.440486,3.6788063,0.81137085,11.6781025,21.028955,14.084135,5.5266724,7.9561186,9.999911,6.429237,4.589702,4.2428246,2.523853,3.8074791,7.298031,6.740133,3.7748811,3.201708,3.4250019,3.7239318,4.813133,4.0694346,2.0599263,2.8085449,4.559713,3.8067796,2.1916301,2.1058242,3.008251,3.6982207,3.1509423,1.8829703,1.5362604,2.1732028,2.3947453,1.8289785,1.1089408,1.1666083,1.6458416,NORMAL
-433.06302,95.26257,75.02383,54.80471,40.04937,30.715212,23.373894,16.204075,10.259514,6.8268356,5.7602444,5.7852817,6.1265473,6.6917043,7.485617,8.108552,8.204272,7.77008,7.1498995,6.650011,6.348507,6.1143446,5.737012,5.059296,4.146279,3.3317838,2.9421973,3.0283062,3.2821898,3.331871,3.0904772,2.809063,2.761507,2.9505954,3.1267395,3.0486362,2.632512,2.1232927,1.7606937,1.6721079,1.7193094,1.7579564,1.7105783,1.5979663,1.403725,NORMAL
-442.23703,86.0505,66.72228,49.972157,37.745987,30.4494,24.297178,18.148613,12.46432,8.714739,6.9241843,6.479325,6.4898233,7.0314264,7.6682315,7.9810658,7.638695,7.230652,7.1940484,7.5181274,7.468242,6.8811636,5.80921,4.7636313,4.032288,3.7212162,3.5497568,3.4102225,3.0814722,2.670739,2.1549819,1.89624,2.07648,2.649928,3.1024668,3.1662364,2.7115016,2.093289,1.5697542,1.4781876,1.7559222,2.149075,2.2319229,2.0162077,1.6054313,NORMAL
-445.3654,92.15628,71.73465,53.440693,39.348755,30.283264,23.12885,16.866257,11.288367,7.50402,5.7999473,5.9948983,6.858686,7.782741,8.321354,8.47645,7.968662,7.2398305,6.7896194,7.0610313,7.4732065,7.472767,6.664042,5.5174084,4.422065,3.8102314,3.5219963,3.4757903,3.3151927,3.039809,2.5894504,2.3427904,2.3911572,2.7541413,2.987884,2.943479,2.4605305,1.8165375,1.2687147,1.2601321,1.6491743,2.188024,2.4464703,2.4041026,1.9468175,NORMAL
-442.23703,86.0505,66.72228,49.972157,37.745987,30.4494,24.297178,18.148613,12.46432,8.714739,6.9241843,6.479325,6.4898233,7.0314264,7.6682315,7.9810658,7.638695,7.230652,7.1940484,7.5181274,7.468242,6.8811636,5.80921,4.7636313,4.032288,3.7212162,3.5497568,3.4102225,3.0814722,2.670739,2.1549819,1.89624,2.07648,2.649928,3.1024668,3.1662364,2.7115016,2.093289,1.5697542,1.4781876,1.7559222,2.149075,2.2319229,2.0162077,1.6054313,NORMAL
-445.3654,92.15628,71.73465,53.440693,39.348755,30.283264,23.12885,16.866257,11.288367,7.50402,5.7999473,5.9948983,6.858686,7.782741,8.321354,8.47645,7.968662,7.2398305,6.7896194,7.0610313,7.4732065,7.472767,6.664042,5.5174084,4.422065,3.8102314,3.5219963,3.4757903,3.3151927,3.039809,2.5894504,2.3427904,2.3911572,2.7541413,2.987884,2.943479,2.4605305,1.8165375,1.2687147,1.2601321,1.6491743,2.188024,2.4464703,2.4041026,1.9468175,NORMAL
-444.76767,112.81354,84.06828,60.28857,44.435448,33.942722,23.2155,12.558083,4.4186373,0.89390004,1.4665191,3.4632196,4.579804,5.0905194,5.301422,5.8195367,6.196336,5.9352465,5.4308085,5.0884733,4.822305,4.8784304,4.661404,4.2158227,3.6108165,2.893656,2.3942406,2.104356,1.7539738,1.574061,1.4908892,1.8597358,2.246161,1.9820127,1.2629031,0.82210344,0.789531,0.9755216,0.8288013,0.6186402,0.61758566,0.73472035,0.8247911,0.75327295,0.4134556,NORMAL
-442.63678,110.65114,84.988525,62.00813,44.390812,31.701218,20.56286,11.056697,4.2303314,1.4968379,2.0845876,4.237737,5.925112,6.6934724,6.6182265,6.2604785,5.7049117,5.2661285,4.9580135,4.9879565,4.974868,4.7386823,4.1631694,3.65039,3.268026,3.117808,2.8562496,2.5088942,2.1901352,2.2156196,2.3587594,2.4959059,2.4454942,2.352648,2.1372375,1.9340602,1.693186,1.5470389,1.3595771,1.1676054,0.8438061,0.65275615,0.70150876,1.0249175,1.182673,NORMAL
-352.88864,88.58631,58.920757,57.588413,44.808758,32.25683,19.669313,13.860502,12.623996,12.416769,6.4890466,6.822218,9.519816,9.410819,6.4542828,10.224106,5.6989155,6.3645573,9.0637,6.3022933,8.0104,5.6491156,4.847195,7.1583123,3.416802,3.1278899,1.9899733,2.1855726,2.4809568,3.0929818,4.88208,3.226408,2.842773,1.7937423,4.064884,3.087908,3.552967,1.0314801,0.65237707,1.9377536,2.5555234,2.3925037,1.6001323,2.5316932,0.16427569,NORMAL
-347.59738,94.130585,59.316437,58.20894,42.252068,30.778347,18.981934,14.452474,13.737092,14.643634,8.554695,8.196204,10.260896,9.795833,5.4419117,11.089469,5.4366584,5.4400716,9.10375,5.7092175,7.12856,4.784362,3.8823721,6.6310678,2.6094184,3.1116157,2.6597984,2.6989164,2.743198,3.5383563,4.491089,3.2200665,2.9393666,1.6337484,4.047172,2.3531086,3.3077385,1.0319612,1.1825408,1.6670067,2.1316528,1.8754324,0.9924962,2.306298,-0.49085674,NORMAL
-317.51465,100.282646,61.011482,61.900257,44.491474,28.632242,12.571755,9.462342,7.0524197,9.19929,2.3492799,5.5020027,8.0007715,9.525377,4.0917153,10.276746,3.6142142,5.4481506,8.689164,5.329116,7.213503,4.890577,3.3008919,7.696101,2.9511297,4.67931,1.9405544,2.9911356,2.8588045,3.559469,5.380651,2.1733007,2.3190794,0.9634563,4.85636,1.6097041,3.5155268,0.0405955,1.0985374,2.7514963,2.5998096,3.3300388,1.5288184,3.679786,0.2839964,NORMAL
-339.0229,84.3221,30.891314,47.864357,45.71604,33.693237,19.952854,16.204966,9.80491,16.060919,9.567819,12.994192,10.134522,11.408648,7.941875,9.477048,7.3592725,4.3205414,9.599367,10.801605,6.4918895,0.044376843,5.559813,8.5965805,5.8675,4.330205,1.9474028,2.7786717,-0.77594566,2.8736174,7.1901374,5.219738,6.527443,0.806113,3.4960454,0.35598892,2.8897848,-0.5834523,3.141239,1.6796916,0.73783845,3.6002922,-0.1706055,3.445158,0.20302007,NORMAL
-383.274,127.882484,89.64241,55.77335,35.30626,23.902908,11.665464,-2.0910146,-10.179663,-7.5146065,1.6503632,8.339395,8.0563965,4.2535934,2.7491305,5.3390784,8.772887,9.62654,7.6101427,4.811356,2.9980898,2.6486127,3.1255784,3.5116348,3.1863375,2.3599782,1.8893493,2.3957596,3.3329017,3.8750248,3.715525,3.261054,3.003741,3.055859,3.0318758,2.5226684,1.7014894,1.2533323,1.4537903,1.9688044,2.2227972,2.1542277,2.000783,1.8566916,1.6023781,NORMAL
-387.9632,118.69071,86.008,55.072296,34.806866,22.625408,11.537621,-0.07657953,-7.162348,-5.578834,2.0171032,8.257546,8.620987,5.2850156,3.6530519,5.8975873,9.338082,10.3368,8.25914,5.2638907,3.5234158,3.399463,3.8945634,3.9200041,3.256058,2.542356,2.4924834,3.1223953,3.8513186,4.1943574,4.1131186,3.8023765,3.3881319,3.083591,2.9851243,2.880927,2.480491,1.9402975,1.6652893,1.7953923,2.0901625,2.3530533,2.3972914,2.1399148,1.6825188,NORMAL
-335.43787,87.061386,34.127594,47.72845,47.193386,33.508705,20.731396,16.340471,10.571886,15.978686,10.347147,13.289183,9.963228,11.046196,7.161606,8.583605,7.396581,3.8137271,8.77615,10.083814,6.967871,0.28272074,5.5501647,9.160563,6.2398663,4.4491334,1.9261663,3.446275,-0.0989342,2.911675,6.953924,5.2571454,5.9901347,1.0015781,3.2855606,0.18150103,2.7744539,-1.246343,2.5658827,1.0414711,-0.05965362,3.1776273,-0.88553876,2.6372313,-0.35418895,NORMAL
-336.9566,89.64123,37.066864,48.80392,47.079823,33.010334,19.870613,14.557576,8.415291,14.452413,9.632726,13.677314,10.811402,12.217254,8.157604,9.358751,7.876929,3.9646752,8.479413,9.872487,6.589412,0.27607727,5.300022,8.638811,5.9337964,4.6041465,2.006148,3.031802,-0.1528221,1.8867619,6.5824986,5.413236,6.1442327,1.5320518,3.8445966,0.5569112,3.596935,-0.5908481,2.9248662,1.5891325,0.29243118,3.569055,-0.71906704,2.6018777,-0.5447294,NORMAL
-393.9127,130.91574,90.94995,55.94167,34.84254,22.689291,10.742506,-1.8253256,-8.978583,-6.629296,1.995828,8.805415,8.981744,5.0975266,3.0962431,5.1572304,8.4873495,9.590255,7.8989024,5.055013,2.9347305,2.4210885,3.147993,3.7417884,3.163253,1.990216,1.718083,2.6369727,3.5035498,3.5991623,3.4917054,3.6025383,3.4820933,2.947981,2.370826,1.8128626,1.0082438,0.46366835,0.79052633,1.5814519,2.0032318,2.1368332,2.31427,2.1667974,1.5054222,NORMAL
-474.75806,92.0249,69.51801,52.460327,40.700188,30.037777,19.95317,12.11556,7.529484,5.6892667,5.570232,6.2533345,7.2614603,8.162036,8.80546,9.259355,9.457321,9.224667,8.708404,8.161883,7.646165,7.2066717,6.6388373,5.6624746,4.472776,3.3713624,2.518989,2.056124,1.8483895,1.734347,1.884044,2.4491577,3.1501598,3.7790794,4.2286,4.3295336,3.9261901,3.4466667,3.1961439,2.971373,2.6781223,2.47212,2.2193463,1.8477294,1.3962481,NORMAL
-476.56528,92.43858,67.61011,50.44894,39.11229,29.965311,21.037561,13.273695,7.293183,4.6530094,4.8539186,6.455737,7.6639357,8.172322,8.270477,8.817043,9.7349,10.443943,10.0283375,8.920053,7.8739896,7.347251,6.6838174,5.617931,3.9990094,2.569626,1.9131455,2.1417716,2.3944473,2.5009909,2.467696,2.684105,3.2281084,4.118946,4.74797,4.6938024,4.053496,3.5809698,3.4666772,3.5372183,3.3758333,2.9838974,2.3888085,1.9796973,1.7573512,NORMAL
-461.53403,86.422745,70.33474,54.577374,41.35429,30.1396,20.339407,12.566673,7.787476,6.040245,6.422312,7.552669,8.4768095,8.882721,9.041455,9.202693,9.286426,9.152246,8.751575,8.245934,7.8504086,7.4988637,6.8255982,5.654961,4.2502546,3.0868652,2.46642,2.291495,2.2357936,2.149123,2.1774085,2.5615,3.1878948,3.7446148,4.0204024,4.054228,3.95705,3.7868645,3.492642,3.1521316,2.80665,2.448236,2.0133703,1.6047603,1.3074744,NORMAL
-407.24496,74.64661,65.25943,55.932007,44.59357,33.73934,23.934015,16.383286,11.082433,8.257902,7.2534027,7.663113,8.593862,9.669464,10.358131,10.692081,10.527975,10.102214,9.363683,8.556898,7.6233735,6.7451715,5.8117385,4.9552617,4.0611386,3.3041754,2.6191146,2.211297,1.9926046,2.0710566,2.2596023,2.5905838,2.8655434,3.13586,3.2569678,3.3341494,3.2533376,3.1497827,2.9331777,2.7422068,2.5004375,2.325264,2.1098025,1.9394951,1.6995255,NORMAL
-486.32562,107.11919,37.448048,38.829674,27.119799,29.29688,22.282017,18.459942,12.214202,12.170215,10.702933,10.579853,8.368852,8.531521,6.5333433,6.437731,4.2574286,5.6581526,4.6450834,5.3995004,3.740214,3.7051697,2.8156438,3.9134116,4.170581,4.4463325,2.9443252,2.9534583,2.738651,4.155188,2.9505186,2.4522505,0.9976023,2.1675508,2.041359,1.9887606,1.3297216,1.3705333,0.65808034,1.1869327,0.81569076,1.4741383,0.93371403,0.9684941,0.46771634,NORMAL
-468.59665,122.843506,48.70976,31.968382,31.515442,31.773531,23.981348,11.143806,6.859858,11.437779,13.579747,8.982591,3.9438622,4.6742134,8.064045,8.137372,6.096522,4.6609797,4.7793884,5.8489733,5.610125,3.7571502,2.3750422,3.2400866,4.2355204,3.5207777,1.613155,0.6536476,1.6584444,2.6804106,2.3636875,1.0456928,-0.061351042,0.67013985,1.8523014,1.8043368,0.82260036,0.62388664,1.3970985,1.8225739,1.85451,1.5635749,1.0514172,1.2259376,1.8362981,NORMAL
-488.41748,107.354485,38.253147,39.52808,26.74333,27.42028,20.770035,18.177986,12.130987,12.584786,8.784961,9.909026,7.869226,8.104913,5.499646,6.3479075,4.5994606,5.166233,3.596321,5.1922193,3.923337,4.0210705,3.240983,5.086244,4.1530046,4.0338974,2.078482,3.276184,2.4264436,3.2143207,2.2452316,3.8444426,2.691035,3.039108,2.1850743,2.5744216,1.9339561,2.0974455,0.79533565,1.6234772,0.8027073,2.623596,1.4243124,1.8293114,0.9105074,NORMAL
-487.81516,107.34886,38.24572,38.233547,26.868544,27.011461,20.802074,17.636944,12.770071,12.347635,10.550419,9.467518,8.966823,8.874889,7.560418,7.27967,5.7947874,5.547167,4.96992,4.8457046,4.3143487,4.936727,4.327949,4.534507,3.7694464,3.9244244,2.8702068,3.1345718,2.8115115,3.449275,2.7068655,2.0861168,1.5594311,1.4166654,2.1634474,2.5472572,2.2170436,1.5675205,1.0227467,0.9777844,0.6041651,0.5012678,0.94377977,1.5950934,0.9300116,NORMAL
-455.7102,129.56454,47.285133,31.742397,33.738503,35.132236,25.694473,11.599848,5.3688607,10.732236,15.392113,8.069012,0.9190882,3.3216712,6.9437103,7.943318,6.5458145,4.773461,5.550496,6.7666063,5.272184,3.2219257,2.4497335,3.4297216,4.1633058,2.6838295,1.5828446,1.9537557,2.4986136,3.4259865,3.1606271,1.7520117,1.6385335,2.4874935,2.8944876,2.8747756,1.3961759,0.9292863,1.5171885,1.4900705,1.2419847,1.1762395,1.047501,1.0862777,1.1294837,NORMAL
-393.52087,82.47622,69.175,56.56447,44.153923,32.782303,22.811106,14.90569,9.396565,6.1950393,4.935642,5.0480156,5.8952403,6.9189086,7.7084394,8.11389,8.258514,8.1823845,7.915331,7.4238667,6.7888637,6.1108923,5.5169473,5.0201693,4.5017185,3.9031062,3.3230896,2.8861043,2.670433,2.620087,2.6501367,2.7738633,2.9878147,3.1691852,3.209006,3.1590896,3.0953238,3.055135,2.9679163,2.8258426,2.6605651,2.4911,2.2699294,2.0219383,1.7885865,NORMAL
-422.47775,79.52671,68.98174,58.30727,45.893223,34.255024,23.816164,15.703852,9.987113,6.987346,5.9849997,6.4458327,7.3643613,8.367112,9.0090275,9.396751,9.367021,9.137964,8.67333,8.183927,7.5712137,6.9373155,6.0934005,5.174917,4.134842,3.2665434,2.5781221,2.2454274,2.1592715,2.3805358,2.717066,3.1792567,3.5231705,3.766201,3.7665358,3.701446,3.4873478,3.274907,2.9951556,2.7907903,2.5893836,2.4958422,2.3463418,2.1873095,1.9130127,NORMAL
-410.8902,86.661385,71.606674,58.13255,45.068653,33.13396,22.615622,14.746559,9.226545,5.8566213,4.494835,4.603287,5.225507,5.8974648,6.425267,6.707472,6.7929254,6.9026113,6.992584,7.010936,6.874229,6.645502,6.224959,5.689137,5.0743194,4.428904,3.8489554,3.453492,3.2549796,3.2424278,3.2803035,3.30973,3.272946,3.2609968,3.2534873,3.2922518,3.3209593,3.3496718,3.273174,3.1715393,3.0643117,3.0099382,2.9116032,2.7325077,2.4165893,NORMAL
-410.25067,84.002975,72.180756,59.590294,45.034893,33.00173,21.745317,13.615946,8.20267,4.7969623,4.062353,4.3761067,5.2206984,6.2374115,6.8521037,7.085843,7.2709765,7.0894485,6.838424,6.547608,6.0258346,5.880345,5.568999,5.351737,5.020572,4.465075,4.028585,3.601408,3.2828748,3.0321598,2.90735,2.9516473,3.1138175,3.3018212,3.4126503,3.4525354,3.3152056,3.1967182,3.0050051,2.86702,2.7610257,2.6792831,2.5983684,2.4237392,2.1571515,NORMAL
-370.6648,80.78083,56.18041,43.96646,31.050793,26.082191,13.212912,8.289838,7.434094,1.5098815,1.0195749,3.9036777,6.531188,6.5657687,5.9622917,6.0294995,8.629641,7.049607,4.9247074,5.678898,6.2789373,6.4762864,3.9808946,3.405005,3.8430252,3.767574,2.4560301,2.2944837,3.126393,3.1387396,1.7962155,1.7767417,2.684379,3.2746294,2.659311,2.6533964,3.1163714,3.3032513,1.9476761,1.8536704,2.3664944,2.6772776,2.1349027,1.5738971,1.4486358,NORMAL
-409.68857,77.33013,66.69965,55.697838,42.80014,30.890932,20.82527,13.75956,9.511434,7.9651904,8.185218,9.491828,10.875122,11.8169,11.816459,10.964493,9.394796,7.6589074,6.0743747,5.052881,4.5869584,4.6828914,5.020921,5.470672,5.761034,5.8934298,5.749217,5.466796,5.0182776,4.5797267,4.122785,3.764116,3.4438698,3.2492673,3.0863347,3.03178,2.9880967,3.0233276,3.0380316,3.0779676,3.0387697,2.9534378,2.7439725,2.497059,2.1840036,NORMAL
-403.16284,74.70948,64.36779,53.87113,41.574738,30.291622,20.719156,13.993355,9.915608,8.438375,8.630439,9.844882,11.053641,11.828324,11.72598,10.948378,9.586524,8.124952,6.7164187,5.713966,5.0625772,4.875868,4.8963437,5.10953,5.2357087,5.292437,5.109281,4.8306932,4.4161463,4.087036,3.795661,3.6684184,3.562924,3.5537424,3.5084765,3.5391572,3.5355089,3.592599,3.5600069,3.528256,3.3829901,3.233698,2.9797814,2.7237668,2.370056,NORMAL
-397.8818,74.45468,65.01929,53.85852,42.085926,31.342285,22.432373,15.641387,11.216448,9.036791,8.707542,9.424225,10.439582,11.157936,11.342416,10.924752,10.01658,8.7922125,7.532522,6.4989557,5.8635254,5.6069694,5.57798,5.5942316,5.541837,5.3872995,5.124988,4.762552,4.314957,3.851609,3.4564278,3.2162423,3.1385326,3.1885962,3.2827556,3.3811147,3.4463801,3.4732382,3.4211078,3.2953315,3.113315,2.939913,2.767648,2.562793,2.2576222,NORMAL
-413.1408,78.17411,61.75876,47.108185,35.21572,26.888578,19.526236,13.021256,8.43164,7.15837,8.232339,10.120687,11.387466,11.973537,11.794856,10.978906,9.505652,8.039897,6.9238377,6.273476,5.615762,5.0478153,4.698503,4.930977,5.363208,5.671885,5.483313,5.0335107,4.5033655,4.092301,3.5781226,3.1048899,2.7196438,2.6683092,2.608375,2.5279286,2.4897537,2.9234273,3.6563509,4.262709,4.0727983,3.2759657,2.3771658,2.0605948,2.171095,NORMAL
-469.267,99.425255,64.11105,45.037506,37.07736,25.507782,18.636839,11.220812,6.1171813,5.6515427,8.967845,10.087044,11.966072,12.65065,12.170713,11.930036,10.321648,9.117336,5.773083,5.9557176,4.0239134,3.5231516,3.1080503,4.4134126,5.4987216,5.505254,4.7339315,4.3462253,5.03861,4.8114724,2.6948645,3.4742682,1.0697172,2.330566,0.6709058,3.2070255,1.7569684,3.1404724,2.632576,3.0909927,2.386861,2.2473557,1.2817901,2.478881,1.7810444,NORMAL
-427.86044,82.69878,71.07325,59.33408,46.514034,35.051464,25.164368,17.447502,11.998483,9.050121,8.100258,8.40436,8.986977,9.352826,9.363818,9.214088,8.967777,8.627434,8.1003895,7.4473686,6.6898513,5.913375,5.031217,4.0596538,3.0481586,2.206995,1.6936501,1.5569717,1.6479179,1.8866866,2.162105,2.5042899,2.842526,3.112888,3.164851,3.0516512,2.772682,2.4804852,2.2006702,2.0025508,1.8163224,1.7007248,1.6302171,1.6520797,1.6852562,NORMAL
-416.75607,91.108025,74.63814,58.80785,44.173737,31.77592,21.500906,13.9660015,9.585633,8.007093,8.3270645,9.275867,9.724833,9.483809,9.05054,8.81087,8.670057,8.387543,7.8070016,6.908114,5.8341236,4.767862,3.7594724,2.7954812,1.959537,1.392692,1.1804931,1.3568383,1.8163719,2.3467827,2.7372823,2.9096572,2.9208694,2.895359,2.8891428,2.9049256,2.8478954,2.6780734,2.3967032,2.092158,1.8796002,1.7668247,1.6717178,1.4677885,1.1832381,NORMAL
-478.0709,94.91701,61.956844,45.074078,37.57019,25.218409,18.496338,11.571954,7.4411125,6.0828943,10.073869,9.138533,12.804453,11.944193,11.552075,11.31386,9.105678,8.442203,5.7363544,6.8965435,4.2658644,3.8355834,2.6771483,4.697311,5.54954,6.3912034,5.528336,4.4681053,4.3379498,4.8018227,2.352558,2.218006,-0.59046793,2.4165585,0.8138732,3.7764907,3.1199524,3.2146437,2.8472013,3.4044044,2.5558116,2.594088,1.286463,2.5829756,1.5819613,NORMAL
-429.9631,81.028015,67.75243,54.210907,41.525112,30.394222,21.673367,15.309462,11.291804,8.961995,8.189304,7.9025655,7.7692347,7.2662926,6.641508,5.803314,5.1384296,4.6403346,4.497019,4.6650023,5.0498796,5.715764,6.774477,8.090158,8.837311,8.485793,7.079145,5.49218,4.060961,2.8960993,1.7750225,1.3142983,1.3755481,1.8931906,2.2254455,2.5758846,2.606518,2.7178063,2.6108422,2.5396392,1.9317158,1.3279574,0.71530163,0.74585134,0.814686,NORMAL
-405.9414,86.20433,71.957146,58.514153,45.719753,35.291286,25.9324,17.906506,11.711561,8.318386,7.1870475,7.4484563,7.939306,8.365969,8.480808,8.415183,8.055224,7.616071,7.10984,6.668396,6.072316,5.366588,4.5072446,3.7191951,2.935236,2.2472954,1.5961493,1.2182678,1.1687158,1.5004019,1.9006447,2.273504,2.4803493,2.6365612,2.6590514,2.6194236,2.4514155,2.3203313,2.2013943,2.1474707,1.9580556,1.6826415,1.3239887,1.0886414,0.95724285,NORMAL
-429.9631,81.028015,67.75243,54.210907,41.525112,30.394222,21.673367,15.309462,11.291804,8.961995,8.189304,7.9025655,7.7692347,7.2662926,6.641508,5.803314,5.1384296,4.6403346,4.497019,4.6650023,5.0498796,5.715764,6.774477,8.090158,8.837311,8.485793,7.079145,5.49218,4.060961,2.8960993,1.7750225,1.3142983,1.3755481,1.8931906,2.2254455,2.5758846,2.606518,2.7178063,2.6108422,2.5396392,1.9317158,1.3279574,0.71530163,0.74585134,0.814686,NORMAL
-427.2901,78.87587,67.44432,55.79931,43.449,32.390686,22.905525,15.846597,10.99503,8.282192,7.085345,7.054434,7.3531537,7.5661597,7.3368855,6.892461,6.323626,5.858801,5.54688,5.5951614,5.686626,5.8015237,5.8577046,6.075051,6.1605177,6.045947,5.6369686,5.1791816,4.5618176,3.886066,3.212927,2.8465273,2.6440723,2.5156138,2.3285756,2.2912986,2.3656766,2.4849486,2.496938,2.432886,2.139294,1.7345434,1.3167027,1.1354367,1.1157293,NORMAL
-459.58643,90.171,67.32318,48.314445,41.466496,27.111023,22.405277,16.931675,12.916239,8.858686,10.497433,8.698288,9.933083,8.037207,6.826636,4.7845554,4.327748,5.1847477,3.989066,5.8381543,4.416691,6.1501327,5.1724825,7.4797897,7.6403065,7.328096,5.1953726,5.24172,3.3801746,3.6342356,0.68260574,3.127577,0.68095475,3.8819647,1.1029152,3.8066127,1.3996805,3.4050047,2.5478468,3.2448146,1.4270608,1.32134,0.5014384,1.2067946,0.6554376,NORMAL
-427.2901,78.87587,67.44432,55.79931,43.449,32.390686,22.905525,15.846597,10.99503,8.282192,7.085345,7.054434,7.3531537,7.5661597,7.3368855,6.892461,6.323626,5.858801,5.54688,5.5951614,5.686626,5.8015237,5.8577046,6.075051,6.1605177,6.045947,5.6369686,5.1791816,4.5618176,3.886066,3.212927,2.8465273,2.6440723,2.5156138,2.3285756,2.2912986,2.3656766,2.4849486,2.496938,2.432886,2.139294,1.7345434,1.3167027,1.1354367,1.1157293,NORMAL
-459.58643,90.171,67.32318,48.314445,41.466496,27.111023,22.405277,16.931675,12.916239,8.858686,10.497433,8.698288,9.933083,8.037207,6.826636,4.7845554,4.327748,5.1847477,3.989066,5.8381543,4.416691,6.1501327,5.1724825,7.4797897,7.6403065,7.328096,5.1953726,5.24172,3.3801746,3.6342356,0.68260574,3.127577,0.68095475,3.8819647,1.1029152,3.8066127,1.3996805,3.4050047,2.5478468,3.2448146,1.4270608,1.32134,0.5014384,1.2067946,0.6554376,NORMAL
-463.73828,103.12208,78.716805,59.12366,45.32856,34.197926,23.398123,13.789109,6.889633,3.8287566,3.9674134,5.488604,6.6628785,6.947508,6.9025345,7.28035,8.018009,8.248977,7.608534,6.7025843,6.0426793,5.56852,4.621898,3.287406,2.3768,2.1474497,2.0225668,1.7214104,1.5601164,1.7205466,2.0804036,2.4491725,2.632672,2.5184762,2.1128893,1.6301905,1.2713964,1.1603535,1.3768908,1.749916,1.9529465,2.0710232,2.225593,2.0973973,1.5087488,NORMAL
-425.7818,106.92144,78.5843,54.731426,39.162785,30.317713,21.974459,12.869871,4.8806386,0.94534457,1.5183253,4.3358793,6.3512216,7.0472355,7.060561,7.610394,8.170293,8.175469,7.837211,7.2814865,6.3819356,5.665477,4.8774776,4.185671,3.5506842,2.9910326,2.4312367,2.0698829,2.033933,2.2803626,2.2916193,2.4162593,2.5607867,2.6871545,2.7294238,2.5992272,2.1782439,1.6569793,1.0439868,0.8873722,1.0741963,1.4573764,1.7227054,1.7696488,1.6790133,NORMAL
-425.149,92.345535,73.270836,53.780132,37.123543,26.013386,18.403633,12.78519,8.405344,6.0080614,5.452526,5.888382,5.826321,4.9652042,3.8989902,3.698234,4.48795,5.721024,6.439553,6.3239055,5.6304874,5.0391555,4.8664904,5.0011053,4.99233,4.685155,4.2196016,3.961221,3.9648545,3.9583547,3.6461673,3.086332,2.5463483,2.3943744,2.61481,2.9237347,2.913148,2.6127243,2.3250854,2.4497604,2.8442485,3.1984346,3.1276898,2.6581469,2.058,NORMAL
-416.3446,106.13254,76.40257,53.08167,36.34995,28.791101,20.892635,14.485398,9.867905,5.7319927,5.8792624,5.9975147,5.170644,5.154664,4.454378,4.644195,5.696346,6.1581645,6.6520443,6.8461566,6.3442264,6.2119346,5.7516937,5.4621367,5.2975607,4.501829,3.95849,3.5383413,3.559198,3.738554,3.0841117,2.699164,2.3872669,2.5275705,2.8923547,2.952621,2.9092822,2.8453913,2.7505913,2.833251,2.8613474,2.8279276,2.5698712,2.2872539,1.835383,NORMAL
-462.34964,120.34969,77.13709,49.407806,34.8959,26.39395,19.49719,12.513974,6.369075,3.748259,5.14278,6.8854456,6.551528,4.9518046,3.2886517,3.1183221,4.4470534,5.7280107,6.069768,5.4187865,4.9596334,5.1673284,5.1063433,4.8903418,4.4909377,3.701962,2.8484762,2.2258697,2.3528903,2.9137025,2.8046668,2.296452,1.898238,1.7722473,1.9673879,2.4683073,2.9517493,3.1577387,2.699015,2.1644104,2.3333313,2.5302048,2.21257,2.0350497,1.9249314,NORMAL
-402.57132,82.72174,69.48174,55.61419,41.412468,29.501822,20.49534,14.426138,10.968725,9.663213,9.806758,10.531926,11.140106,11.292509,11.001183,10.481729,9.8509445,9.201125,8.58351,7.996107,7.43996,6.904094,6.3416495,5.76621,5.142868,4.5200276,3.9332473,3.4586136,3.0943823,2.8196952,2.5774653,2.3718624,2.2504666,2.2291114,2.2750611,2.3268502,2.345959,2.353578,2.343017,2.2917833,2.1608968,1.9651637,1.742003,1.5719671,1.4801623,NORMAL
-402.2358,63.035095,52.777035,44.04421,36.00521,29.35736,23.419003,18.244978,14.290441,11.74428,10.367824,9.797046,9.722036,9.880315,9.923223,9.711852,9.298197,8.831595,8.375349,7.848597,7.232746,6.5645294,5.920749,5.433227,5.1381235,4.917875,4.650374,4.3112936,4.000062,3.8218946,3.6977966,3.569381,3.4601746,3.4466727,3.4890234,3.471778,3.3184175,3.105596,2.9125462,2.745404,2.583101,2.4466639,2.2988684,2.125594,1.8970637,NORMAL
-395.0829,63.863987,52.970448,43.540234,34.971462,28.358294,22.50186,17.725214,13.960667,11.724284,10.512902,10.163041,10.134229,10.361602,10.392569,10.291655,9.891866,9.373411,8.625483,7.8535757,6.975836,6.1960673,5.4417114,4.888426,4.4138465,4.1487136,3.9626625,3.9254673,3.8697617,3.8646324,3.7787476,3.7452316,3.652179,3.564346,3.3652508,3.2265737,3.0737314,2.9845617,2.8309119,2.6914897,2.4763894,2.3161194,2.1613953,2.0767875,1.9416178,NORMAL
-415.95758,87.09169,70.823814,54.642212,39.518433,28.140665,19.534855,13.467971,9.679128,8.459996,8.912344,9.989566,10.591757,10.726679,10.562469,10.403177,10.021291,9.477905,8.774292,8.204312,7.658706,7.0828314,6.301169,5.5586114,4.954365,4.6152577,4.3192563,4.004638,3.6178916,3.3741648,3.2593346,3.2816133,3.2340534,3.1226285,2.891033,2.6258507,2.2874691,2.0084543,1.7766746,1.7182014,1.7845746,2.0051413,2.2210073,2.387876,2.3285363,NORMAL
-411.91272,110.07931,80.15549,57.836117,42.084644,31.832016,21.665928,11.577515,4.100246,1.2336633,2.1889403,4.4586096,5.7946486,6.198625,6.005511,6.095452,6.5394506,6.9229703,6.754496,6.0429125,5.2013664,4.795335,4.253447,3.7366586,3.4751704,3.1513438,2.4550965,1.9018371,1.9395841,2.299785,2.3056307,2.4179204,2.60578,2.4596972,2.3704684,2.51657,2.071145,1.6504472,1.7484164,1.7650151,1.5366014,1.4369513,1.0929412,0.9240558,1.0797535,NORMAL
-400.9654,70.803,59.30799,48.16626,37.90299,29.787464,22.740673,17.137108,12.803039,10.045487,8.415954,7.830984,7.818698,8.2947235,8.7997875,9.147333,8.998492,8.539331,7.926127,7.439501,6.9025445,6.310296,5.657062,5.198428,4.883621,4.6662183,4.3474045,3.9920805,3.5863638,3.2887795,3.0560129,2.9457724,2.8938074,2.9663148,3.037124,3.0776455,2.9777725,2.8125682,2.5867183,2.4022667,2.2248158,2.0894926,1.9647778,1.9394466,1.9206083,NORMAL
-440.42206,83.126656,58.836143,39.330933,28.108957,22.778893,17.637657,12.878048,10.923319,12.609174,14.929505,15.366436,13.351035,10.643923,8.686031,8.253077,8.698379,9.043795,8.307993,6.9361105,5.759,5.377808,5.1554527,4.9157453,4.869636,5.4414215,6.0244837,5.958465,5.0408373,4.0445256,3.2883146,2.6959405,2.0780163,1.8780494,2.1678143,2.520985,2.1615148,1.449421,1.2933563,2.2845092,3.6061401,4.2398458,3.6223676,2.2930503,1.0629184,NORMAL
-434.02567,84.507645,62.89333,43.835503,31.49619,24.08991,17.782455,12.194906,9.752717,10.8708725,13.081991,13.54372,12.052627,10.154452,9.119939,8.982069,9.12264,8.982811,8.326315,7.3243155,6.4078794,5.769699,5.3564205,5.0694146,4.970588,5.2003865,5.457028,5.2360115,4.576911,4.0946445,4.028333,3.7777877,2.8391724,1.7096921,1.3378245,1.9131606,2.4770339,2.298566,1.7908164,1.9560894,2.9406157,3.7120981,3.2852988,1.977595,1.010248,NORMAL
-390.07254,70.0504,54.22265,42.78873,34.525764,28.096058,21.769388,16.222603,12.233997,9.910048,8.523705,8.03057,8.001403,8.179197,8.200777,8.200599,7.9962654,7.768274,7.5680604,7.2938495,6.6461506,6.007235,5.4391065,5.060478,4.518366,3.8953652,3.5335467,3.4760704,3.313145,3.2415168,3.295134,3.4157035,3.3297286,3.3478315,3.536251,3.527231,3.2154357,3.1407278,3.080059,2.8688583,2.61619,2.4071622,2.0596373,1.9005919,1.8377514,NORMAL
-436.61768,80.805916,60.327705,43.168915,31.619343,25.049883,18.97062,13.22884,9.818235,10.1316185,12.068295,12.988308,11.6565275,9.403412,7.8947887,8.059473,9.094806,9.800472,9.223084,7.78439,6.3469825,5.7254705,5.6813545,5.7997613,5.6733413,5.4358344,5.0813622,4.7616305,4.5079355,4.4665866,4.2526712,3.6220407,2.6446106,2.1495395,2.4829874,3.1597497,3.1367817,2.3191068,1.534236,1.7714585,2.769429,3.5045598,3.0704618,1.8779284,0.9865084,NORMAL
-439.20175,89.17625,72.61877,55.639282,40.649673,28.735554,19.314426,11.769068,6.584247,4.246025,4.4111934,5.8255157,7.2276764,8.039295,8.65649,9.529719,10.612139,11.321967,11.253754,10.579465,9.667663,8.700658,7.5960817,6.291414,4.9410157,3.8519413,3.155647,2.7845523,2.7053487,2.850907,3.0298276,3.1680627,3.1962707,3.1448603,3.0398765,2.9472544,2.8977869,2.846543,2.7933047,2.726339,2.6513855,2.5687852,2.4842887,2.3036494,1.9084319,NORMAL
-435.2216,92.1785,72.73036,54.30543,39.573498,29.061714,20.165306,11.851223,5.6496453,3.2654781,4.3144813,6.661217,8.180037,8.520449,8.747334,9.650606,10.821274,11.211368,10.553664,9.487335,8.687608,8.19075,7.5446362,6.437316,5.0882125,3.86549,3.1259098,2.828503,2.6324813,2.329578,1.9918945,1.9117283,2.167271,2.517909,2.713979,2.737038,2.7211702,2.7771955,2.7695973,2.5855875,2.2762208,2.0856688,2.0821118,2.100302,1.8940609,NORMAL
-410.7477,84.46677,70.699615,56.42075,41.662945,29.204966,19.266,12.10505,7.596368,5.67326,5.6510487,6.53172,7.431444,8.087581,8.641856,9.311933,9.932511,10.213873,9.993864,9.431815,8.706911,7.8989744,6.8853188,5.6357017,4.3289933,3.2867525,2.6826682,2.4996,2.5316846,2.70067,2.889402,3.119412,3.2431288,3.1984043,2.9573176,2.7180886,2.6440346,2.760818,2.8836272,2.8286555,2.5207837,2.116707,1.7588468,1.5629371,1.5032024,NORMAL
-421.18665,73.52031,63.802914,54.95489,45.107895,35.845886,27.149832,20.034815,14.532616,10.673288,7.8153334,6.0332747,5.1394954,5.14021,5.407311,5.6579065,5.6308184,5.5788426,5.465071,5.3528934,5.0964947,4.858839,4.5956683,4.365211,3.9966722,3.618233,3.2507017,3.0812173,3.0283966,3.1206465,3.2132099,3.3433292,3.3916895,3.3834882,3.2034476,2.9631295,2.6555903,2.4128556,2.177192,2.019756,1.863837,1.7872051,1.7206316,1.7091969,1.644872,NORMAL
-483.97296,89.63958,52.416378,33.04206,27.326176,27.917492,23.731844,16.495632,11.295676,10.72987,10.825505,9.515689,7.118336,5.7903714,5.5723367,5.992307,6.450577,6.8620095,6.6127224,6.4926624,6.1326013,5.8443146,5.569749,5.53293,5.10922,4.2811737,3.7411735,4.1912646,4.2587953,3.541427,2.8046854,2.552726,2.2074966,2.379157,2.6873116,2.8638048,2.3889356,2.0240858,1.6216226,1.6198636,1.3971684,1.2770351,1.2795074,1.3111721,1.4850047,NORMAL
-555.7416,110.195496,44.16841,35.4498,24.866068,27.167542,21.304094,17.90825,10.176955,9.906528,7.1060615,8.458099,5.0753393,4.8551354,3.4124608,4.584117,4.5587006,5.7690015,4.912912,4.960209,3.7197902,4.5559683,4.4725294,5.005639,3.6759431,3.6012626,2.1098716,3.1472416,2.4948266,3.6271124,2.470971,2.3403742,1.2282773,2.2668374,1.9148664,2.6512258,1.6870134,1.5182807,1.031241,1.7344621,1.0300168,1.1157274,0.982072,1.3119916,1.314182,NORMAL
-424.43466,81.56883,66.13021,52.88079,42.65507,34.921696,27.09106,19.40815,13.504964,10.140656,7.980588,5.9456835,4.4355187,4.369482,5.375746,6.0557804,5.618661,4.8194575,4.6761193,5.2507477,5.6412363,5.3165574,4.5519805,3.972831,3.6972144,3.5451863,3.3792508,3.3390808,3.4028542,3.4202464,3.2427475,3.0171268,2.915491,2.9702845,2.9915683,2.884154,2.6818233,2.4914987,2.2909067,2.0396314,1.7472188,1.5721436,1.5636739,1.6416175,1.6224992,NORMAL
-422.99094,69.55886,60.64334,51.72531,42.541107,33.814854,26.078812,19.626593,14.816941,11.378284,8.984288,7.273696,6.1983767,5.6733932,5.4394803,5.2441792,5.100433,5.099346,5.250971,5.393996,5.412712,5.2803597,5.0515685,4.767797,4.479575,4.254402,4.091197,3.92458,3.714797,3.5445716,3.5054965,3.5945024,3.6524582,3.5611553,3.3445866,3.1507142,3.035523,2.943974,2.7658043,2.5057607,2.2271192,2.0321114,1.8977529,1.7665311,1.5933666,NORMAL
-439.2211,169.14185,24.367355,-9.8354225,6.3372025,30.362854,22.257454,6.95061,4.3587084,13.977364,19.52472,13.145523,7.58593,8.66127,9.651912,7.676896,4.5043664,3.3830018,4.395221,6.0944805,5.4180617,4.1130757,3.521059,3.1220167,1.8644513,0.8723178,1.7158947,3.6983705,3.5757992,2.4652991,1.7501427,1.5545598,1.487867,1.1080885,1.3040422,1.7927351,1.7781307,0.8821128,0.65308124,1.874165,1.8958856,0.8657885,0.74623406,0.924456,1.0078053,NORMAL
-509.74237,103.291695,45.63305,36.606007,28.939667,32.140972,22.719286,20.266907,11.765666,8.435518,10.18975,7.926848,10.093485,5.0543575,6.467163,8.247344,4.773659,9.692141,3.6446655,6.6994543,6.547446,1.6034703,6.5375543,1.754677,6.7130513,5.004318,3.069226,5.0806117,0.28223094,4.9169664,1.44263,1.8703405,3.1036425,0.52903116,4.0099597,0.6844192,2.2591882,2.9139724,0.29434028,4.290685,-1.6125956,0.98313224,0.9977779,-1.2086754,3.5676026,NORMAL
-506.062,106.76582,55.233646,36.458908,30.39597,31.507215,22.799377,20.074173,12.401923,9.673757,11.911993,8.985311,11.298559,5.8375187,7.0909376,9.610249,6.341465,9.7757225,4.976813,8.670515,7.8391333,2.3740258,6.3221416,2.267889,7.086792,5.4667687,3.093397,4.5799932,0.18415919,4.832027,2.2337186,2.4602993,3.2772255,-0.032272544,3.904352,0.3283725,1.6410584,2.0443482,-0.5164334,4.065501,-0.75242263,1.1268897,0.5973396,-0.53051627,3.2110174,NORMAL
-551.03546,114.67798,45.36418,32.36438,24.008368,28.445988,21.574024,16.741823,7.7464404,8.437231,5.643137,8.2881775,3.9325337,5.4468384,4.657497,6.135947,4.336284,5.6994686,5.001702,5.876929,4.02451,3.6865504,3.1703515,4.4042683,3.4653587,4.236487,3.1726427,4.006119,2.8498023,3.9268167,2.0750446,3.9198964,2.0703294,3.112642,1.9368793,2.4060898,0.9086954,1.953056,0.19353884,1.496959,0.86830246,1.8998442,1.6882266,1.7187914,1.7761934,NORMAL
-505.16507,108.53595,48.02756,36.14867,27.639706,31.442455,22.810116,20.147818,11.18692,8.654692,11.73293,9.038599,11.074161,6.1453285,7.122856,9.301319,5.179966,9.069982,4.128609,7.355991,7.1546965,2.9349923,7.368194,2.9421794,8.116382,5.013357,2.2477124,4.6043167,0.62392616,6.0485907,2.4488754,1.7285945,2.369971,-0.5619068,4.086202,1.5269219,2.6139507,2.5525692,0.15186928,4.8318677,-0.3830131,1.5380324,0.29569972,-0.9503836,2.9914699,NORMAL
-476.1785,99.56884,67.05515,40.572514,26.690659,22.840668,20.788582,17.78883,14.839973,13.502197,12.522797,10.613395,8.114937,6.6806283,6.282057,6.090496,5.673426,5.4274435,5.1265135,4.766983,4.739885,5.3212647,5.7638435,5.538316,4.6700563,3.8173153,3.2477236,3.0334377,2.8004582,2.5943155,2.6287153,3.0185087,3.247713,3.1094582,2.7743092,2.5941675,2.449324,2.319888,2.0716114,1.7958633,1.58149,1.6178708,1.5847093,1.3139678,0.9989314,NORMAL
-491.9425,98.96807,65.267876,39.46706,29.26632,27.08212,23.84707,17.929785,12.912198,11.232015,11.65839,11.312853,9.322029,7.080203,6.012347,6.170568,6.834982,6.9419017,5.9188476,4.562464,4.3269906,5.3570304,6.1191735,5.362166,3.8470342,3.2474768,3.811337,4.1899714,3.4559598,2.3431368,2.0490842,2.7606926,3.490974,3.366658,2.5765057,2.0475276,2.1755347,2.5283122,2.523623,2.1696599,1.863429,1.8939403,1.9443388,1.5811484,0.96372205,NORMAL
-486.75613,122.28393,34.943268,18.46209,14.592401,30.856823,20.664934,19.18986,10.127956,13.142164,15.235131,12.025745,8.112123,6.251829,6.136332,10.064998,3.0897791,8.429241,2.1677415,6.5091386,4.8779926,0.7904067,5.384252,0.38883877,4.54471,2.5002053,0.89450884,4.8226824,0.39210814,5.6169972,0.470072,2.4493456,0.6756677,-0.09271587,2.3395705,1.3964578,1.0130976,2.2596898,-2.2680945,4.11081,-1.4125125,2.2575486,1.017734,-1.6442631,3.4458463,NORMAL
-498.55518,86.25048,64.10305,44.514084,32.125916,26.818464,23.618963,20.194239,16.292559,13.605644,12.331159,11.711852,10.377224,8.405087,6.539333,5.7147703,5.690919,5.871271,5.6503563,5.236546,4.9585786,5.0609245,5.183446,5.0240245,4.391902,3.6469994,3.0490384,2.7776499,2.6398678,2.5931106,2.5367484,2.5361662,2.4305027,2.270595,2.093568,2.1016798,2.1761982,2.092965,1.7782022,1.6027592,1.6915286,1.8457196,1.6962852,1.369044,1.1411396,NORMAL
-480.87927,124.99148,34.47879,19.213503,16.999645,31.259584,19.168032,17.154324,8.66867,12.942859,15.494045,12.031137,8.739102,7.047738,6.8342905,9.022103,2.461762,7.3204994,1.98195,5.9793224,5.700146,0.5161703,4.9753394,0.2725549,5.304802,2.1344206,1.0758721,5.4182506,1.0303842,5.42234,1.1057421,2.325988,0.94563526,-0.15457922,2.2989316,0.43221438,0.55586946,2.1584918,-2.0606987,3.826869,-1.563611,1.6495107,1.1370826,-1.1848013,3.8905065,NORMAL
-559.58014,92.111595,74.19561,25.21701,41.031273,38.703854,24.789164,16.597939,12.585034,14.185224,13.664669,6.840226,2.2043626,10.113315,6.6625066,12.3817835,1.0527132,5.3935266,1.3377712,8.73975,1.6006626,4.749814,-0.94927424,9.892717,1.4857304,3.6143947,-1.8666154,2.8487394,0.85430604,6.4143667,-1.004854,3.6649115,0.028000439,-0.28491968,5.307463,-1.2675934,4.2337165,0.3609959,0.38947886,2.4423048,-0.92118,2.2593179,2.6903713,-1.0844346,2.5494766,NORMAL
-503.2794,112.03767,47.6589,38.540966,31.493973,25.965939,22.575014,17.3936,14.567534,13.225058,12.10775,10.397918,8.495699,8.104838,8.363298,7.8204184,6.439684,4.8608575,4.187714,4.6027074,4.793765,5.3150396,5.2471943,4.624968,4.4460783,3.6494768,2.7153747,2.8134704,3.8031778,4.075176,3.2843485,2.2590709,1.5670272,2.061924,2.637799,2.8362868,2.5948439,2.201027,2.0411727,1.9751962,1.9450963,1.7688441,1.1800934,1.0951002,1.4954135,NORMAL
-534.4714,100.31746,66.24332,28.55885,36.13805,35.34234,24.663635,10.594366,9.121742,11.229006,14.042255,7.1666107,2.9284785,8.882241,6.473279,10.463343,-1.9437848,3.603841,1.6811385,8.789215,3.1596136,4.5890555,0.083604544,6.455371,1.3650849,4.762986,-1.0039012,3.4979372,0.3384319,4.796474,0.98505837,2.6411765,1.651205,-0.61438596,4.1799693,-0.09761922,3.8974252,0.7581006,1.7309554,2.3096848,1.7273707,1.1917514,2.7778077,-1.413456,2.7090998,NORMAL
-496.95697,118.57507,43.70224,32.864407,29.180784,27.691294,23.796232,15.38273,11.279784,11.477368,11.604279,9.217836,6.689164,7.1346183,7.2904725,5.869172,4.5520916,4.4149504,4.078685,3.784813,3.9148905,4.9597383,5.3701177,5.0519695,4.4614944,3.1485808,2.412058,3.4897954,3.7860336,3.4230492,2.7932434,2.1929502,1.5290383,1.5470648,1.9894823,2.4679084,2.2162123,1.902432,1.6107671,1.8508607,2.4038758,2.2009852,1.6032188,0.92148167,0.86306006,NORMAL
-493.70465,120.36507,50.44478,33.824955,31.589724,28.047125,22.294596,13.957084,10.468183,11.482736,11.644724,9.058703,6.946565,7.461146,7.9241304,6.484688,4.488331,3.8664236,3.823869,3.5992875,3.9007108,4.6815205,5.0585237,4.461104,3.9060626,3.4825768,2.7171843,3.1651795,4.1667905,3.973908,2.9327354,1.9484038,1.7115314,1.9533813,2.2465374,2.4958394,2.270459,1.7123806,1.29924,1.3463318,1.589363,1.7703929,1.5436186,1.0157907,0.91234434,NORMAL
-467.7007,113.273224,59.25023,28.984552,27.787441,30.544313,23.442371,11.595153,9.286829,12.857879,13.511139,6.8102493,2.3917136,6.7961016,9.826027,9.854605,4.8344088,3.5526335,3.0432856,6.1191483,5.9729767,6.5065064,4.9065757,5.690471,4.908992,4.454958,3.4774208,4.5181684,5.645524,5.402656,4.8054013,3.6424482,4.0398016,3.0415246,3.6177597,2.4982295,3.3054645,2.19148,2.8988464,1.8445894,2.207258,1.8586693,2.2179308,1.6471499,1.4717962,NORMAL
-499.84726,84.266975,54.902084,34.69436,33.500427,35.900146,28.094002,17.739206,14.480544,14.049311,17.090857,11.939193,8.410829,10.368424,8.362711,9.775765,2.8205132,4.5726995,7.039611,10.146486,9.648978,7.448784,3.080359,4.7779055,2.6163723,6.212682,4.6072397,4.271835,4.7827325,3.7947907,5.663578,4.520785,4.235245,3.35955,2.8537252,2.1221764,2.8246973,1.2203737,4.241408,3.2565951,4.2639966,1.5220002,0.8217938,1.1266942,1.480796,NORMAL
-474.32025,56.744373,56.70962,32.72616,38.50606,23.62201,32.690086,18.717451,25.88208,13.096282,20.354244,9.82619,17.239637,8.5588045,14.738058,6.1268444,10.619368,4.277418,9.689085,5.5896535,9.039226,4.8096437,6.8562903,4.9391356,6.1124825,5.005539,3.942254,4.5330577,2.9190507,5.4393787,2.3893626,5.9403205,1.7898772,6.1132107,0.91363955,5.8256836,-0.014878023,5.7484584,-0.4385642,5.705363,-0.79055643,5.2047915,-1.0176607,4.774264,-1.3996469,NORMAL
-552.8185,99.42046,71.92237,21.464622,42.47563,42.24846,21.979406,12.482733,8.4169,12.542995,15.407027,6.211392,0.6577895,10.450885,6.095252,12.539644,-0.78194743,4.065653,0.5812956,9.432505,2.6485958,3.8191228,-1.8242424,8.908771,1.0345905,4.351831,-0.657216,4.115839,-0.13288456,6.7133837,-0.41041481,3.7022464,-0.018597588,-0.62990135,5.3536415,-0.6902805,3.9703293,1.2456374,-0.07142029,3.1803708,-0.7991565,2.1942194,3.2138317,-1.7809315,2.6774893,NORMAL
-483.70993,75.573875,56.475525,42.66477,35.873474,35.612156,26.25886,21.706501,18.969162,16.215714,16.793863,9.413039,7.82826,8.159343,6.9416766,10.706818,5.842758,7.182943,6.799739,5.4989305,7.414288,3.57114,4.4538097,5.5504603,4.216806,7.6433787,4.351779,5.8030467,6.1801305,3.7418516,6.2615204,2.2677574,3.956696,4.0047965,2.9523892,5.408851,2.5128813,2.7208698,2.7950027,0.3643861,3.383088,0.5180197,1.9451118,2.2716994,0.23592679,NORMAL
-470.39987,103.95089,55.32758,-10.857913,30.52819,21.728415,21.48907,-0.49542683,17.083178,12.441813,13.684218,5.151244,12.939325,6.9414883,12.18392,-0.67184293,13.471072,1.1224016,5.912545,4.888761,7.896677,4.3059926,5.4140267,5.8449955,4.457837,2.987501,3.3743188,3.828674,2.4300354,6.914916,-1.1060008,6.887899,3.9611986,2.6997817,0.20230319,6.0599027,0.57800364,3.7769058,-2.2382479,10.370108,-5.158562,5.130838,1.0769724,2.234836,-0.7475885,NORMAL
-510.32162,73.58571,57.005318,0.9239312,33.526966,21.600138,26.386343,9.820209,17.541307,15.176701,17.06248,8.216579,15.561588,10.577468,13.63905,1.5286226,11.185243,1.8658556,5.814832,6.4440937,8.382547,6.3941436,6.8643565,3.559522,6.626279,4.6497316,3.8495,3.0894146,1.7951977,8.280434,-0.3395849,4.23111,3.3332608,2.75838,0.07448987,5.738274,1.2655606,2.98869,-1.1267347,9.583089,-5.4690895,5.7875757,1.2177804,1.7871162,-1.4605922,NORMAL
-497.20795,61.149208,61.85551,28.866844,38.164665,22.243015,32.22603,20.693558,26.80185,14.477134,17.84822,7.5763383,15.007355,6.6519494,14.008124,6.3853526,10.899673,3.620625,7.578058,5.870333,10.274258,4.9202466,6.1961784,4.86484,4.8151574,3.3800828,0.71338606,4.3427887,3.1050704,6.985056,0.33259463,4.937279,0.7628845,4.0678825,0.2952374,5.07351,0.022130672,5.5519204,-2.4636593,7.2675543,-1.559325,5.405573,-1.2264956,4.89832,0.12764111,NORMAL
-498.14236,63.25469,61.20366,29.383335,36.350464,22.494482,31.624151,20.499027,25.169033,14.960718,18.563845,8.3821745,14.361417,8.571043,15.9255295,8.461768,11.666177,3.5552025,8.373519,5.176871,9.682573,5.1227,7.102756,4.3695707,4.877392,3.5131352,2.53741,4.7292976,3.4639971,6.8650713,2.138288,4.7827115,1.3247689,4.7265887,0.78929794,4.404095,-0.8924947,4.9436026,-1.2633554,6.333717,-1.3420124,5.203969,-0.20851734,3.710392,0.4052163,NORMAL
-460.49014,110.46946,53.449486,-12.400773,27.485825,17.821331,18.545643,-2.5998516,17.112738,15.24762,19.119349,6.7830954,13.035133,8.157619,14.178878,0.5534388,10.9369,2.3206198,10.367545,7.869448,8.399896,5.505282,5.721917,6.791613,6.847955,5.64186,1.6823515,6.6146407,2.2126296,7.2050595,1.1567986,6.180293,2.8332088,4.643689,-0.2138592,6.43769,-0.7884286,5.785008,-1.7916023,7.9562235,-3.6666486,6.1226835,-1.0751493,4.77817,-1.5857105,NORMAL
-565.4428,97.371185,55.638454,29.742868,25.63394,27.239735,20.669392,11.728156,9.210006,11.7636,12.472859,11.118131,11.082905,12.308743,11.358746,8.449972,6.5910354,6.961512,7.1867247,6.0157776,4.563587,4.339552,4.7992716,5.100937,5.034755,5.0902944,5.073823,4.817031,4.2250752,3.7597568,3.46067,3.2590337,2.800008,2.3972623,2.4239042,2.9373925,3.0658212,2.4822116,1.7927617,1.9648894,2.5155542,2.4985642,1.7727903,1.3760573,1.5513071,NORMAL
-583.5034,97.90744,58.014137,32.518223,27.316336,27.812729,21.984806,14.018975,11.377513,12.659089,12.900576,12.114823,12.548934,13.122647,11.456542,8.597449,7.1812,7.306275,7.126009,6.1907115,5.545884,5.5017543,5.336794,4.7745934,4.4111404,4.698261,5.2298,5.2732606,4.5588784,3.6513767,3.2678473,3.3697965,3.2225957,2.5796776,2.13668,2.2858632,2.3482497,1.7180197,1.1299894,1.5547934,2.4869766,2.6133358,1.7368808,0.92103845,0.8301024,NORMAL
-558.10614,110.98377,53.721752,21.823261,22.26761,29.020433,22.371515,10.529327,7.238878,11.068912,12.085577,9.681961,9.59703,11.949271,11.880048,9.259318,7.600645,7.7067676,7.1701565,5.290737,3.9265242,4.296131,4.8955555,4.447625,3.7770896,4.103093,4.9630437,5.209871,4.400533,3.3172367,2.766636,2.735852,2.6221962,2.2520127,1.751235,1.364244,1.2489043,1.4757845,1.852844,2.086239,2.0384667,1.9501641,1.8438786,1.5881432,1.2871947,NORMAL
-487.79074,166.48683,61.599407,-2.3594918,-5.6222477,11.146738,14.014955,9.554113,11.725532,15.75412,13.362404,9.123355,10.316755,13.993769,12.271986,5.763951,1.3173249,1.1441458,2.9055278,4.791856,5.9687324,5.829452,4.9084444,4.823379,5.2172136,4.538638,3.0476866,2.2608547,2.4437585,2.911803,2.7342708,2.1608531,2.0780077,2.5800705,2.7102857,1.8985395,1.2286988,1.8749636,2.5448618,1.7070857,0.43911698,0.28531408,0.7712446,0.9651273,1.1028817,NORMAL
-497.00888,173.82224,58.874886,-2.9789822,0.4495223,15.802295,11.637977,3.6135802,8.432804,17.658543,16.398693,7.9183764,5.662519,11.375646,14.038611,8.526189,1.1830022,-1.2170267,1.3775216,5.389379,7.2866163,5.8256254,3.3714488,3.4135258,4.6577168,3.7843943,1.6223025,1.6043419,3.2697806,3.4798026,1.8805805,0.8450288,1.225297,2.312672,2.6597817,1.5329071,0.2912587,0.77504027,2.308602,2.5152667,1.0344034,-0.025983488,0.028786909,0.11639615,0.0076007694,NORMAL
-501.72476,159.66771,23.36834,-0.5801091,27.362438,28.834778,8.372121,0.6317468,8.126127,18.364622,20.5445,9.997821,4.5544953,11.292746,14.01982,8.273193,1.2740537,0.45224968,3.63516,6.191454,7.2482147,5.896319,4.461409,4.650586,5.3830256,4.9627657,2.794266,2.665054,3.306312,2.7872536,2.2671757,1.8442935,1.7621211,2.2733727,2.8524318,2.3739722,0.8148268,1.0369701,1.8443655,1.3566083,0.45961165,0.41191113,1.0298392,1.301124,0.6612003,NORMAL
-582.9631,68.32618,57.571514,45.740334,36.692616,29.460127,24.401245,19.89728,16.750484,14.46312,12.632024,11.263081,9.80068,9.183599,7.9015126,7.3263783,6.1946177,6.6219788,6.415809,6.6265616,5.205439,4.459187,3.6816857,4.261545,4.5727606,4.8736415,4.7590575,4.5072064,4.4052405,3.7384639,3.4927695,2.725225,2.9837666,2.4822412,2.7947083,2.1041021,2.3506515,1.7655526,1.9221275,1.3075099,1.3656888,1.2061179,1.3915148,1.3013449,0.94387627,NORMAL
-585.6452,63.535496,52.67685,43.071514,37.056465,30.816616,24.711334,19.32065,16.979609,15.863985,13.8016815,11.302717,9.519799,9.736313,8.97038,7.880461,5.8963766,6.270118,6.333336,6.4717865,4.4922104,3.6359634,3.32326,4.461622,4.836633,4.8866982,4.5350447,4.1252465,3.925297,3.2627437,3.3086944,2.8119674,3.1729646,2.4863746,2.7052844,1.9372904,2.2351506,1.6828637,2.037259,1.5469745,1.6048673,1.2262348,1.2841346,1.2409348,0.9850477,NORMAL
-571.00433,63.26848,51.946465,43.58231,37.95682,32.676323,26.713562,20.863272,16.888908,14.250504,11.960376,10.211649,9.358478,9.342132,8.752553,7.8924713,6.9631934,7.049042,7.045282,6.783463,5.5674453,4.6880317,4.2950716,4.7330556,4.9542184,4.8031597,4.3850727,4.137607,4.0674787,3.6761062,3.22888,2.5942495,2.405988,2.0912368,2.161829,2.0099187,2.150192,1.8522688,1.7245471,1.4205601,1.4129082,1.3011593,1.3703785,1.5055264,1.5822465,NORMAL
-500.9951,85.838776,52.59621,37.01574,33.816833,31.147339,23.456133,17.318682,15.673412,16.184362,14.74389,11.180121,9.682772,9.943861,8.99775,7.6537175,6.5018306,5.874129,5.895654,5.717532,4.952248,4.542462,4.474085,4.624723,4.349632,4.058198,4.3600903,4.5130167,4.278354,4.1572113,3.9213033,3.7043562,3.7992325,4.13745,3.9209216,3.1236484,2.6203084,2.8479614,2.9245174,2.588885,2.2283816,2.0797958,1.9797852,2.117062,2.5051157,NORMAL
